"","p_val","avg_log2FC","pct.1","pct.2","p_val_adj","gene","cell_type","TimePoint","Regulation"
"Col9a3",2.85001325566195e-08,0.963363546533377,0.643,0.372,0.000494049797868999,"Col9a3","OPC","P23","Up"
"Mfge8",2.72253391210637e-07,1.35130693254473,0.421,0.183,0.0047195125366364,"Mfge8","OPC","P23","Up"
